{
    "Linear Regression": {
        "Training R\u00b2": 0.9270576212232072,
        "Test R\u00b2": 0.45338969712359756,
        "Training RMSE": 37875545.0323506,
        "Test RMSE": 101356445.64409126,
        "Training MAE": 63089324.35555292,
        "Test MAE": 62820705.192165546,
        "Classification Accuracy": 0.593112582781457
    },
    "Random Forest (Cross-validated)": {
        "Cross-validated R\u00b2": 0.4769998926385469,
        "Cross-validated R\u00b2 Std": 0.01479607723765857,
        "Cross-validated RMSE": 100934469.048774,
        "Cross-validated MAE": 53467968.65952026,
        "Cross-validated Accuracy": 0.4914428018862926,
        "Cross-validated Precision": 0.5517256675390994,
        "Cross-validated Recall": 0.4914428018862926,
        "Cross-validated F1 Score": 0.4290190499454578
    },
    "Random Forest Regression": {
        "Training R\u00b2": 0.9270576212232072,
        "Test R\u00b2": 0.45338969712359756,
        "Training RMSE": 37875545.0323506,
        "Test RMSE": 101356445.64409126
    },
    "Random Forest Classification": {
        "Cross-validated Accuracy": 0.5883006418962788,
        "Cross-validated Accuracy Std": 0.008264759614884543,
        "Cross-validated Precision": 0.5943731554379749,
        "Cross-validated Precision Std": 0.006885104901121323,
        "Cross-validated Recall": 0.5883006418962788,
        "Cross-validated Recall Std": 0.008264759614884543,
        "Cross-validated F1 Score": 0.582121871038619,
        "Cross-validated F1 Score Std": 0.008148169269998208
    }
}